Type of Location,City type,Marketing Sales Investment,Estimated Population in vicinity,Average Household Income,Sales
Commercial,Non-Metro,55523,13134,11400,71406.58
Residential,Metro,57081,16716,10800,68005.87
Residential,Metro,60347,10348,16800,76764.02
Residential,Metro,49010,16119,19800,82092.39
Residential,Metro,57879,14726,19200,73878.1
Residential,Non-Metro,54340,14527,18600,59950.89
Residential,Non-Metro,60298,8358,27600,66602.34
Residential,Non-Metro,49944,11144,22200,57768.44
Residential,Metro,53124,7960,22200,70083.3
Residential,Non-Metro,51141,9353,36000,85648.48
Residential,Metro,49497,9950,15000,74914.15
Commercial,Non-Metro,50197,13134,37200,85219.39
Residential,Metro,63234,14527,13800,82910.94
Residential,Non-Metro,60059,14129,33600,74350.08
Commercial,Metro,66487,9950,16200,103595.83
Residential,Metro,49292,9751,11400,70729.63
Residential,Non-Metro,55400,9552,31200,70051.94
Residential,Metro,53089,14328,13800,69403.49
Residential,Metro,69345,15721,33600,84710.53
Commercial,Metro,63508,9552,18000,95879.94
Residential,Non-Metro,60057,12139,36000,73487.13
Residential,Non-Metro,52402,6965,18000,61597.98
Residential,Metro,60180,13532,10800,63119.8
Commercial,Non-Metro,53422,8756,20400,98586.83
Residential,Metro,49857,7363,22200,71502.56
Residential,Non-Metro,48682,16318,35400,64320.67
Residential,Non-Metro,48516,7363,37800,77310.22
Residential,Non-Metro,54363,8756,33000,74825.2
Residential,Metro,39636,8557,13800,59230.44
Commercial,Metro,65172,8756,18600,107138.14
Commercial,Metro,58529,12935,13200,102763.61
Residential,Non-Metro,50011,14328,10800,69764.49
Residential,Non-Metro,50020,14925,11400,59889.14
Residential,Metro,55764,12736,37800,82356.41
Commercial,Metro,60894,15920,16800,118651.89
Residential,Metro,42259,7363,11400,66762.27
Residential,Non-Metro,59978,14925,37200,79454.74
Residential,Metro,47129,8159,15600,66079.85
Commercial,Metro,57485,15323,21000,103774.34
Commercial,Metro,62593,14129,36000,112716.44
Residential,Non-Metro,48913,8159,14400,62819.16
Residential,Non-Metro,66101,16119,18600,55470.55
Residential,Metro,49622,14527,24600,69510.05
Residential,Non-Metro,59386,9154,22200,68064.76
Residential,Metro,66050,6965,22800,69116.93
Residential,Metro,59492,13731,33000,86354.84
Residential,Non-Metro,61134,14328,10800,60456.69
Residential,Non-Metro,61956,10746,16800,71791.28
Residential,Non-Metro,46086,9950,36000,67626.89
Commercial,Metro,61481,15721,21600,99794.4
Residential,Non-Metro,55727,15721,10800,70350.79
Residential,Non-Metro,61576,14527,12600,58818.77
Commercial,Metro,57563,12736,28800,86487.58
Commercial,Metro,58288,16716,21600,92378.5
Residential,Non-Metro,55282,11940,24000,73281.55
Commercial,Metro,66624,12537,34800,110438.17
Residential,Non-Metro,59443,10348,34800,67485.1
Commercial,Metro,51937,12736,10800,92518.37
Commercial,Non-Metro,46477,7363,31800,72977.63
Residential,Non-Metro,62470,11940,20400,64770.75
Residential,Metro,51123,10348,25800,74845.87
Residential,Metro,56301,11542,15000,59913.31
Residential,Metro,46670,13731,38400,95961.18
Residential,Non-Metro,54375,16318,16800,60766.38
Commercial,Non-Metro,45227,7960,12000,69193.96
Residential,Non-Metro,50787,16119,11400,66433.4
Residential,Non-Metro,62919,8358,36600,73410.95
Residential,Metro,51770,8955,24000,68447.63
Residential,Non-Metro,60123,9353,24000,60185.4
Commercial,Metro,51002,8159,16800,76765.02
Commercial,Non-Metro,46940,13731,16200,70157.03
Residential,Metro,49905,13134,18600,75297.34
Residential,Non-Metro,51505,10945,31800,76960.48
Residential,Metro,52474,15721,34800,76204.89
Residential,Metro,49172,11343,26400,63782.2
Residential,Metro,56916,8358,34200,69415.11
Residential,Non-Metro,59386,7562,17400,64472.36
Residential,Metro,55748,16716,12600,60815.42
Residential,Non-Metro,65574,16517,13200,55902.83
Residential,Non-Metro,58541,15721,24600,64468.29
Residential,Metro,50672,15721,18600,76093.36
Residential,Non-Metro,68071,13930,27000,81430.49
Commercial,Metro,58815,14129,13200,106165.08
Residential,Non-Metro,62493,14726,28800,67374.71
Commercial,Non-Metro,60182,11741,22200,103574.45
Commercial,Metro,42941,9751,27000,74191.43
Commercial,Non-Metro,55505,7960,34200,100887.85
Residential,Non-Metro,54114,16318,33600,78715.16
Residential,Non-Metro,57670,8159,27600,70686.71
Residential,Non-Metro,54361,13532,33000,73231.75
Residential,Non-Metro,67083,7761,12600,66296.73
Residential,Non-Metro,52483,12935,31800,71738.23
Commercial,Metro,55581,9751,35400,99551.34
Residential,Metro,62243,8159,21000,75903.42
Commercial,Non-Metro,59293,16119,38400,105308.78
Residential,Non-Metro,59707,13930,16800,56003.61
Residential,Non-Metro,57726,16716,32400,68673.29
Residential,Metro,58401,8955,33000,76028.5
Commercial,Metro,41228,12736,33600,87418.05
Commercial,Metro,40945,9154,22800,74984.02
Residential,Non-Metro,54794,9353,24600,66591.29
Residential,Metro,51692,11343,18000,72088.04
Residential,Non-Metro,52305,6965,10800,78521.17
Commercial,Non-Metro,56680,12537,36600,85688.72
Residential,Non-Metro,52300,10348,20400,66657.86
Commercial,Metro,56710,9353,12000,67879.02
Residential,Non-Metro,51351,13731,11400,60069.68
Residential,Metro,51022,10945,15600,67820.31
Residential,Metro,52096,7363,17400,65685.02
Commercial,Metro,59099,13333,37800,103305.3
Residential,Metro,57677,15323,32400,76671.69
Residential,Non-Metro,59343,16915,33000,76577.99
Residential,Metro,54767,6965,22200,66693.98
Residential,Non-Metro,60869,15323,12600,60125.97
Residential,Metro,53949,16119,31200,80042.11
Residential,Metro,48707,15323,36000,97106.11
Residential,Metro,77911,9950,34800,87831.62
Commercial,Non-Metro,54183,7960,17400,70630.95
Residential,Non-Metro,51099,14129,29400,67516.63
Residential,Non-Metro,51591,15721,22200,67573.29
Residential,Metro,61057,8159,26400,80714.79
Residential,Metro,48280,15721,10800,75430.51
Residential,Non-Metro,57606,15522,12000,54071.79
Commercial,Metro,55440,14328,26400,112826.26
Residential,Non-Metro,54055,12537,28200,60944.33
Residential,Non-Metro,49862,16318,15600,65065.52
Commercial,Non-Metro,56204,12935,11400,82667.77
Residential,Non-Metro,65161,8159,31200,82517.59
Commercial,Non-Metro,42143,7562,19200,88208.37
Residential,Metro,57924,12338,22800,68023.41
Residential,Non-Metro,48755,13731,35400,73464.75
Residential,Non-Metro,50926,16517,36600,77222
Residential,Non-Metro,65158,13333,31800,67163.57
Residential,Metro,46073,14527,11400,59241.32
Residential,Non-Metro,53110,8557,12000,72322.79
Residential,Non-Metro,50180,8159,13200,55226.53
Residential,Metro,61124,12736,11400,73417.07
Residential,Metro,54583,16318,13200,63534.87
Residential,Non-Metro,52400,14328,32400,90774.04
Residential,Non-Metro,64264,10149,13200,77666.95
Residential,Metro,44197,10348,20400,95868.3
Residential,Metro,56273,14925,15600,74544.57
Commercial,Metro,47481,8358,20400,77150.63
Residential,Metro,58053,10547,17400,86298.82
Commercial,Metro,58071,15124,18000,74697.64
Residential,Non-Metro,66845,11940,17400,58695.65
Commercial,Metro,60396,14328,27600,96190.72
Residential,Non-Metro,67056,10945,30600,63582.13
Residential,Non-Metro,63823,7761,31800,61586.14
Residential,Metro,49475,14129,11400,75037.68
Residential,Metro,50330,15920,21000,61282.09
Residential,Metro,57858,8557,28800,71522.23
Residential,Non-Metro,61627,11542,19200,74596.33
Commercial,Non-Metro,49733,15124,25200,77168.22
Residential,Non-Metro,55308,7164,24000,75028.75
Residential,Metro,66048,15920,26400,76619.74
Commercial,Metro,49405,12537,28800,75910.11
Commercial,Metro,49810,9353,10800,73056.77
Commercial,Metro,56330,9154,18000,94478.7
Residential,Non-Metro,56485,7164,30000,69960.25
Commercial,Non-Metro,47053,9154,25200,67407.05
Commercial,Non-Metro,64179,14726,10800,97119.39
Residential,Metro,60385,15522,32400,83984.48
Residential,Non-Metro,50963,8955,19200,76385.23
Residential,Metro,50024,15323,22200,66216.7
Residential,Metro,50334,7164,28200,82526.93
Residential,Non-Metro,61054,13532,12000,74459.25
Residential,Non-Metro,58629,7761,19200,62936.7
Residential,Non-Metro,52519,8955,11400,59425.89
Residential,Metro,46993,9950,16200,69437.63
Residential,Metro,67559,8955,37800,72083.49
Residential,Metro,55944,10547,29400,69163.36
Residential,Metro,38709,11144,10800,72747.12
Residential,Non-Metro,61130,11542,21000,66726.94
Residential,Non-Metro,54941,9950,14400,57067.63
Commercial,Non-Metro,58639,9154,37800,109108.12
Residential,Metro,52098,16716,22800,73831.46
Residential,Metro,53618,10348,32400,79031.2
Residential,Non-Metro,57261,12338,27600,77631.46
Residential,Non-Metro,53158,13134,24600,78524.15
Residential,Metro,53511,16716,34800,70856.24
Residential,Non-Metro,58408,11144,10800,61042.81
Residential,Metro,46722,9751,13200,66407.61
Residential,Non-Metro,49331,15522,26400,71632.13
Residential,Metro,53717,8159,26400,78002.78
Commercial,Metro,70258,7562,21600,115126.75
Residential,Non-Metro,53186,12338,15600,58559.16
Residential,Non-Metro,59273,15920,18000,62275.25
Residential,Non-Metro,59466,8955,24600,73749.44
Residential,Non-Metro,55639,7960,17400,55927.32
Residential,Metro,61138,13532,36600,67174.81
Residential,Non-Metro,47831,14726,21600,70249.63
Residential,Metro,51919,16318,15000,69896.22
Residential,Non-Metro,49310,9353,33600,68123.8
Residential,Metro,61973,10149,10800,56131.76
Residential,Metro,52475,7761,11400,63426.48
Residential,Non-Metro,62262,8557,23400,68762.6
Residential,Non-Metro,49159,11343,27000,65693.05
Residential,Non-Metro,44451,12935,30600,59721.74
Residential,Non-Metro,64873,9552,38400,85224.19
Residential,Non-Metro,55261,7164,11400,53356.72
Residential,Non-Metro,53405,9154,28800,67405.54
Residential,Non-Metro,48982,15323,36000,73639.06
Commercial,Non-Metro,60286,14527,16200,91956.84
Residential,Metro,44712,9751,27600,76451.55
Residential,Non-Metro,49882,11343,16800,64100.13
Residential,Metro,46791,11741,35400,78379.79
Commercial,Metro,52585,15522,21000,77592.94
Residential,Non-Metro,59130,15721,37800,70314.89
Residential,Metro,63061,7164,24000,72339.71
Residential,Metro,55293,7761,12000,75774.95
Residential,Metro,54222,7960,24000,71232.98
Residential,Metro,48720,13134,14400,61022.27
Residential,Non-Metro,49971,15323,20400,69437.41
Residential,Non-Metro,58774,13930,27000,73028.67
Residential,Non-Metro,59781,9154,24600,76811.45
Residential,Non-Metro,54690,14129,31800,65923.72
Residential,Metro,43494,11940,16200,68676.93
Residential,Non-Metro,54356,13731,15600,67766.33
Residential,Non-Metro,44261,12736,14400,75535.5
Residential,Non-Metro,61570,14726,20400,75762.91
Residential,Non-Metro,59600,10348,31800,75588.76
Residential,Metro,52971,11144,19200,70086.07
Commercial,Metro,57963,11940,11400,96125.18
Commercial,Metro,44781,14925,25200,80753.62
Residential,Metro,62903,16318,33000,71048.24
Residential,Metro,58282,15522,16800,71454.9
Residential,Non-Metro,66411,9353,34800,87222.87
Residential,Non-Metro,58109,8756,24600,75683.99
Residential,Metro,51572,6965,28200,78834.2
Residential,Non-Metro,63031,9552,25200,72943.91
Residential,Non-Metro,54081,8358,35400,66774.11
Residential,Non-Metro,45676,16119,11400,58845.4
Residential,Metro,52116,11940,35400,75689.83
Residential,Metro,46127,11144,23400,68623.41
Commercial,Non-Metro,48343,15522,24000,68392.67
Residential,Non-Metro,56666,9353,10800,53730.63
Residential,Metro,67170,10945,18600,69913.11
Commercial,Metro,51096,13930,11400,80820.27
Residential,Metro,64120,6965,26400,71001.53
Commercial,Non-Metro,59001,16119,13800,89974.05
Residential,Non-Metro,45187,14726,19800,71161.34
Residential,Non-Metro,53027,13731,33000,106846.34
Residential,Metro,55858,9353,24000,77673.29
Commercial,Non-Metro,49074,11542,37800,84287.39
Residential,Metro,54121,10149,32400,84320.29
Residential,Non-Metro,61285,8756,36000,77283.59
Residential,Metro,63140,8756,14400,68416.86
Residential,Metro,44907,11940,11400,70186.19
Residential,Metro,52054,13333,17400,73394.09
Commercial,Metro,44353,14925,10800,70056.31
Commercial,Non-Metro,54987,13731,37800,111873.3
Commercial,Metro,54808,10149,32400,101785.04
Residential,Metro,58153,10945,16200,76298.9
Commercial,Metro,51912,13134,30000,113141.14
Residential,Non-Metro,51735,13333,33000,71890.09
Commercial,Metro,55928,14925,33600,108750.87
Residential,Non-Metro,61132,14328,22800,68120.03
Residential,Metro,47560,13930,30600,67760.38
Commercial,Metro,53080,13532,11400,97151.38
Residential,Non-Metro,46136,14527,34800,81234.6
Commercial,Non-Metro,54869,15124,12000,72296.79
Commercial,Metro,53471,11542,31200,82735.4
Commercial,Metro,66355,16119,11400,99815.96
Residential,Non-Metro,62836,8159,31800,72755.38
Commercial,Metro,70468,7562,27600,111172.92
Commercial,Metro,45743,8955,24000,80222.5
Residential,Non-Metro,54083,16517,35400,70531.82
Residential,Metro,50573,11940,27000,70207.24
Residential,Metro,46637,9154,29400,66843.75
Residential,Metro,50393,10945,10800,60213.58
Commercial,Metro,63916,13930,30000,105334.5
Residential,Metro,62911,12935,24600,65659.69
Residential,Metro,56876,6965,30000,83092.16
Residential,Metro,54032,7562,15000,66571.17
Residential,Non-Metro,52888,15124,28200,78083.21
Residential,Metro,43457,14726,11400,62954.41
Residential,Non-Metro,51281,10945,13200,66298.7
Residential,Metro,54806,11343,35400,82475.16
Residential,Non-Metro,49646,11741,30600,74374.6
Commercial,Non-Metro,52883,10945,24000,78949.12
Commercial,Metro,68419,9154,32400,106418.32
Residential,Metro,50242,14129,18000,70060.23
Residential,Non-Metro,57133,14328,33000,77111.81
Residential,Non-Metro,52065,15920,31200,68439.79
Residential,Metro,53490,14328,27600,68607.86
Residential,Non-Metro,68539,10149,27600,76839.09
Residential,Non-Metro,48471,10348,37800,70363.67
Commercial,Non-Metro,59759,13333,35400,104376.58
Residential,Metro,48380,15124,31200,83078.61
Residential,Non-Metro,56990,16915,16800,72326.83
Residential,Metro,51090,15920,17400,88238.24
Commercial,Metro,74198,11343,15000,99644.51
Residential,Non-Metro,49883,16517,13200,60621.48
Residential,Metro,54757,13930,15000,81168.14
Residential,Metro,47031,15323,10800,69525.73
Commercial,Metro,50737,11741,11400,80080.39
Commercial,Metro,51867,14129,28200,82688.35
Commercial,Metro,55886,11741,18600,96427.67
Residential,Non-Metro,58056,6965,28800,69477.19
Residential,Metro,53101,13930,21600,74538.4
Commercial,Non-Metro,48782,9552,31800,79584.68
Residential,Non-Metro,61585,8557,33600,74831.1
Residential,Non-Metro,59979,14925,16800,58131.91
Residential,Non-Metro,63899,11144,34200,84743
Residential,Metro,54798,10746,17400,75534.4
Residential,Non-Metro,54744,15522,16800,81481.56
Residential,Non-Metro,58383,9154,18000,69300.19
Residential,Metro,58709,16915,34800,90313.75
Residential,Non-Metro,54126,8557,24600,73396.24
Residential,Metro,52976,9950,30000,70039.59
Residential,Non-Metro,50339,11940,11400,70424.37
Commercial,Metro,61609,14726,25800,91694.57
Residential,Metro,63395,13134,29400,74782.68
Commercial,Non-Metro,61270,14527,16200,102262.82
Residential,Metro,61862,10149,31200,79093.55
Residential,Metro,60695,12338,30000,70326.56
Residential,Metro,59922,8358,32400,86260
Residential,Non-Metro,53748,14726,26400,63434.77
Residential,Metro,62196,13731,19200,66943.01
Residential,Metro,52827,8557,20400,65127.58
Residential,Non-Metro,56003,13532,15600,79572.91
Commercial,Metro,60107,7960,20400,108959.68
Residential,Metro,67292,9154,34200,75485.17
Residential,Metro,49605,11542,17400,66564.34
Residential,Metro,63647,9950,24000,77855.11
Residential,Non-Metro,48581,13731,16200,58157.33
Commercial,Metro,63334,14129,27000,94904.92
Commercial,Non-Metro,62264,10348,38400,114996.23
Residential,Metro,61180,10547,31200,84453.82
Commercial,Non-Metro,63370,7562,36600,112185.3
Commercial,Metro,52121,12736,31200,85433.78
Residential,Non-Metro,58782,16119,36600,71725.42
Residential,Non-Metro,52717,16119,33600,69686.43
Residential,Non-Metro,65291,10149,25800,87624.82
Residential,Metro,62820,12338,38400,75366.41
Residential,Metro,55219,7164,36000,69293.67
Residential,Metro,50637,16119,37200,72653.54
Commercial,Metro,56777,14328,30000,101676.27
Residential,Non-Metro,48367,16318,27600,64602.94
Residential,Non-Metro,50440,9751,14400,84891.91
Residential,Metro,56640,11741,37200,80912.22
Residential,Non-Metro,52862,7562,36000,75668.6
Residential,Metro,66238,7363,37800,87865.95
Residential,Non-Metro,63067,8159,29400,72570.68
Residential,Non-Metro,50768,12935,20400,63243.71
Residential,Metro,62897,11343,19800,64127.09
Residential,Metro,56970,8557,27600,81291.41
Residential,Non-Metro,50145,11343,21600,58437.39
Residential,Metro,57744,14129,11400,68804.22
Residential,Non-Metro,50546,13930,34200,65555.15
Residential,Non-Metro,49630,7761,30000,78953.09
Residential,Non-Metro,49201,14925,18000,71665.52
Residential,Metro,59672,8159,19800,78716.54
Residential,Non-Metro,65360,16915,10800,67305.64
Residential,Metro,56630,15522,27600,91874.27
Residential,Metro,66225,10348,27600,68828.39
Residential,Metro,50905,10149,28200,71592.06
Residential,Metro,70139,11343,13800,69655.87
Residential,Non-Metro,50225,15522,10800,55965.32
Residential,Non-Metro,58491,16318,28800,77992
Residential,Metro,54429,14527,21000,67723.64
Commercial,Non-Metro,48660,7960,11400,69552.9
Residential,Non-Metro,54944,10348,12600,71319.69
Residential,Non-Metro,45569,8955,12600,61314.49
Residential,Non-Metro,54688,14328,29400,77659.8
Residential,Non-Metro,55031,7562,33600,79567.5
Residential,Non-Metro,47800,10149,25200,64852.24
Residential,Metro,53525,15124,26400,76874.67
Residential,Metro,58158,10348,10800,74609.27
Residential,Non-Metro,45831,9950,36600,67830.32
Residential,Non-Metro,49068,7562,34200,76946.27
Residential,Non-Metro,59055,12338,25200,74170.88
Commercial,Metro,56061,9950,15600,89914.73
Residential,Metro,54739,8159,12000,57101.04
Commercial,Non-Metro,48909,12537,13800,72988.31
Commercial,Non-Metro,53938,12139,23400,75465.42
Commercial,Metro,64117,15323,14400,98229.46
Residential,Non-Metro,53523,12139,38400,75104.22
Residential,Metro,54533,13532,37200,94600.05
Commercial,Non-Metro,41686,10348,16200,71243.97
Commercial,Metro,52894,8557,33000,101285.3
Residential,Metro,54634,15124,33000,78275.87
Residential,Non-Metro,71502,9751,21000,74600.09
Residential,Metro,49626,11741,26400,72344.51
Residential,Metro,64324,14726,11400,71994.5
Residential,Non-Metro,62778,10149,34800,77589.36
Residential,Metro,52970,9751,30000,90017.28
Residential,Non-Metro,45893,14925,15600,65271.68
Residential,Non-Metro,50488,11741,14400,66640.89
Residential,Metro,60137,12935,28800,89189.31
Residential,Non-Metro,57816,13134,11400,59189.52
Residential,Metro,51943,12338,28800,69695.94
Residential,Metro,59544,10149,29400,70404
Residential,Non-Metro,61499,15124,27600,64944.99
Residential,Metro,41294,7761,27600,71733.25
Residential,Non-Metro,58538,14925,25800,76807.18
Residential,Metro,57406,12139,12600,84235.74
Residential,Metro,50528,13532,38400,74927.63
Residential,Non-Metro,61700,7164,10800,66204.58
Residential,Non-Metro,47270,10149,30600,68331.12
Residential,Metro,69065,15124,28200,80932.58
Residential,Non-Metro,60257,7761,38400,82519.16
Residential,Metro,61079,15721,29400,77040.51
Residential,Metro,42108,9751,18600,72612.42
Residential,Non-Metro,63977,12537,31200,84692.16
Residential,Non-Metro,45174,12139,19800,65377.42
Residential,Non-Metro,52699,13731,28200,69660.75
Residential,Metro,42512,15920,22800,69717.83
Residential,Metro,55176,14925,19200,57008.66
Residential,Metro,38605,7562,11400,69365.78
Commercial,Non-Metro,46677,7761,26400,77774.74
Commercial,Non-Metro,45778,14129,15600,79016.85
Residential,Metro,43939,7761,15000,74387.54
Residential,Non-Metro,56398,11343,11400,68191.78
Residential,Non-Metro,55835,8358,25800,60230.16
Residential,Metro,63076,15124,31200,73796.54
Commercial,Non-Metro,42990,13731,21600,72310.2
Residential,Metro,65196,11343,38400,81015.32
Commercial,Non-Metro,52971,7562,37800,81697.6
Commercial,Metro,59430,10746,38400,104243.15
Commercial,Metro,60711,12935,36600,101556.34
Commercial,Metro,55375,13532,24000,106794.93
Residential,Metro,52454,14527,15000,71600.02
Residential,Metro,58185,16517,28800,81949.56
Residential,Metro,47925,7164,27000,73749.23
Residential,Non-Metro,47421,10547,22800,71375.68
Residential,Non-Metro,51533,12139,10800,72477.67
Residential,Non-Metro,36990,8557,12600,65008.02
Residential,Non-Metro,56116,13333,16200,84698.85
Residential,Metro,62878,9353,11400,97088.21
Residential,Non-Metro,42736,12736,17400,60591.81
Residential,Metro,55608,15522,25200,70832.23
Residential,Non-Metro,59842,9154,36000,71889.51
Residential,Metro,56444,8955,18600,73635.67
Residential,Metro,53316,9552,36000,70999.92
Residential,Metro,53856,14925,13200,66756.42
Residential,Metro,54873,11542,21000,72489.65
Residential,Non-Metro,68315,15721,31200,81832.1
Residential,Metro,52544,8358,15600,73939.42
Residential,Non-Metro,57189,9353,18600,66790.5
Commercial,Non-Metro,57695,10945,19800,96600.42
Residential,Metro,68011,13930,10800,53020.32
Residential,Non-Metro,64691,8756,35400,80588.67
Commercial,Metro,53910,14925,33600,90228.63
Residential,Non-Metro,60907,11343,27000,79263.09
Residential,Metro,54327,12736,36000,88561.51
Residential,Non-Metro,46538,10547,33600,62424.16
Residential,Non-Metro,52796,15721,24000,65442.63
Residential,Metro,64231,14925,21000,66671.19
Residential,Metro,59444,11741,23400,76341.13
Residential,Metro,49831,12537,18000,73782.54
Residential,Metro,45913,14925,14400,69436.17
Residential,Metro,52310,9353,12000,56862.74
Residential,Metro,69868,10945,19200,79427.58
Residential,Metro,60939,14726,35400,91681.45
Residential,Non-Metro,57469,8955,33000,77103.63
Residential,Non-Metro,52571,14328,34200,66313.95
Residential,Metro,67425,11741,33600,82675.11
Residential,Non-Metro,59817,15522,24000,67427.14
Residential,Non-Metro,65657,16517,29400,76090.01
Commercial,Metro,50292,9751,25200,85106.53
Residential,Non-Metro,60081,8159,37200,75901.99
Residential,Metro,52897,9751,33600,82030.46
Residential,Metro,52642,16716,11400,63601.24
Commercial,Non-Metro,50843,8955,18000,67351.02
Residential,Non-Metro,56192,9950,36000,81955.26
Residential,Non-Metro,58100,13333,33600,67700.67
Residential,Non-Metro,47928,16517,16800,92828.33
Residential,Non-Metro,50000,7363,10800,64431.37
Residential,Metro,59968,16915,16200,55221.36
Residential,Non-Metro,57102,9751,10800,66958.6
Residential,Non-Metro,51617,9353,11400,71871.01
Residential,Non-Metro,57304,16915,28200,93477.17
Commercial,Metro,53736,8955,32400,79771.46
Commercial,Metro,51073,8955,36600,86575.65
Commercial,Metro,50138,13930,14400,95813.53
Residential,Metro,63654,11144,15000,75793.14
Residential,Metro,57408,16517,12600,56636.9
Residential,Metro,55569,13731,13800,65668.72
Residential,Metro,63988,15721,37800,80614.98
Residential,Metro,61721,8955,29400,70220.52
Residential,Non-Metro,59669,16119,10800,53921.11
Residential,Non-Metro,65851,11940,30600,75572.88
Residential,Metro,62411,8358,28800,77207.7
Residential,Non-Metro,55412,13532,18600,60710.06
Residential,Non-Metro,43715,15522,32400,75143.25
Residential,Metro,54231,12338,11400,76382.82
Commercial,Non-Metro,64433,9154,26400,111735.76
Residential,Metro,55232,15920,31800,65540.32
Residential,Non-Metro,61583,10348,11400,67531.15
Residential,Non-Metro,46532,16517,36600,75598.32
Residential,Non-Metro,53540,13333,10800,69264
Residential,Metro,64566,16119,36600,89477.54
Commercial,Metro,48681,16119,12600,82925.12
Residential,Metro,56554,14726,12000,76083.3
Residential,Non-Metro,51206,10547,18600,68596.74
Residential,Metro,52435,10945,27000,74170.13
Residential,Non-Metro,50155,7761,26400,59306.19
Residential,Non-Metro,64187,7761,37200,67432.59
Commercial,Metro,59413,16318,17400,95450.98
Residential,Metro,46707,9353,25800,72730.05
Commercial,Metro,47277,11741,30600,83631.77
Commercial,Metro,58500,6965,11400,96401.16
Residential,Non-Metro,57730,15323,22800,64151.37
Residential,Metro,51923,12338,22200,78114.29
Residential,Metro,51612,7363,13200,60924.86
Residential,Metro,43980,15323,12600,71338.39
Residential,Non-Metro,45394,11940,14400,65139.49
Residential,Non-Metro,55176,6965,34200,69100.46
Residential,Metro,56245,8955,33600,86927.86
Residential,Metro,59043,9751,16200,69219.33
Residential,Metro,48766,7363,30600,73707.1
Residential,Metro,58626,12139,11400,76788.27
Commercial,Metro,52001,9751,23400,85600.1
Residential,Metro,59352,8557,34800,85744.04
Residential,Metro,64052,10348,12000,91330.57
Residential,Metro,57344,7562,27000,68928.96
Residential,Non-Metro,54246,12736,21000,71387.98
Residential,Metro,51942,8756,18600,66988.1
Residential,Non-Metro,56726,11542,30000,92894.44
Residential,Non-Metro,67851,7363,19200,67278.35
Residential,Non-Metro,62959,9751,30600,79975.83
Residential,Non-Metro,60621,11144,22800,61501.14
Commercial,Metro,53839,13333,25200,100719.01
Residential,Non-Metro,59229,16915,10800,61871.8
Residential,Non-Metro,54598,8358,11400,74819.09
Residential,Non-Metro,51247,14527,30600,71395.15
Residential,Metro,69245,9154,27600,76576.5
Residential,Metro,45520,14925,10800,59940.2
Commercial,Metro,65606,6965,34200,101280.17
Residential,Non-Metro,59206,12537,37200,73927.15
Residential,Metro,50418,16716,35400,82172.24
Residential,Metro,62251,11144,22200,80040.49
Residential,Metro,67078,12338,38400,81452.04
Residential,Metro,56981,6965,22800,68630.86
Residential,Non-Metro,64976,13532,19800,79118.64
Residential,Non-Metro,59392,15920,27600,77197.29
Residential,Non-Metro,52617,14925,27600,70505.65
Residential,Metro,51484,10149,31800,87095.67
Residential,Non-Metro,62724,16119,20400,61484.31
Residential,Non-Metro,57844,8358,12000,65493.39
Residential,Non-Metro,58479,12338,37800,74974.14
Commercial,Non-Metro,73856,14925,32400,121362.73
Residential,Metro,60126,8756,32400,66575.29
Commercial,Metro,49947,11144,29400,85975.9
Residential,Metro,63402,8756,16800,67244.5
Residential,Non-Metro,66956,11741,32400,69163.02
Residential,Non-Metro,50975,12935,15000,63470.6
Commercial,Non-Metro,70528,9154,25800,103308.6
Residential,Metro,58773,7761,37800,78733.5
Residential,Non-Metro,52160,7960,19200,59944.47
Residential,Metro,46289,16915,37200,80727.84
Residential,Non-Metro,60421,12935,31200,69957.72
Residential,Non-Metro,65688,9552,15000,86779.9
Residential,Metro,44223,14527,16800,60276.99
Residential,Metro,57888,15721,27600,69644.59
Residential,Metro,61457,7363,20400,62905.33
Commercial,Non-Metro,55713,10547,21000,91461.53
Residential,Metro,56519,12736,11400,68107.12
Residential,Non-Metro,46264,10348,27600,59944.19
Residential,Non-Metro,61984,10945,32400,73132.19
Residential,Metro,53585,16517,16200,66902.35
Residential,Metro,69993,13134,30000,77519.72
Residential,Non-Metro,55083,15522,10800,64807.83
Residential,Non-Metro,54624,7960,11400,64539.46
Residential,Non-Metro,69272,10348,22800,74082.97
Residential,Metro,54790,7363,24600,74176.38
Residential,Non-Metro,55440,9552,29400,64550.69
Commercial,Metro,64558,9353,28800,99734.64
Residential,Non-Metro,50385,13333,18600,70422.32
Residential,Non-Metro,61828,8358,10800,68584.06
Residential,Non-Metro,71543,16318,18000,61366.78
Residential,Non-Metro,60757,9552,37200,85245.01
Residential,Non-Metro,64225,8557,34200,80470.64
Residential,Non-Metro,55470,7164,34800,68557.78
Residential,Metro,47049,12935,13200,57010.86
Commercial,Non-Metro,59101,11144,18600,113843.16
Residential,Metro,55453,13333,31200,71105.71
Residential,Non-Metro,44848,8159,15000,65897.67
Residential,Metro,48183,6965,35400,73716.85
Residential,Metro,52782,11144,11400,62989.38
Residential,Metro,69431,9751,23400,66323.22
Residential,Non-Metro,51589,8159,19200,78048.35
Residential,Metro,48860,13333,11400,65236.18
Residential,Non-Metro,50087,16318,19800,59009.52
Residential,Metro,49047,7960,12600,74563.83
Commercial,Non-Metro,56231,14726,20400,92698.56
Residential,Non-Metro,61046,11940,36600,77981.88
Residential,Non-Metro,57851,15721,22800,61211.79
Residential,Non-Metro,57087,11343,34800,78324.59
Residential,Metro,48844,15522,28200,70576.11
Residential,Metro,51214,10746,12000,59565.94
Commercial,Non-Metro,49750,13930,12600,65081.36
Residential,Metro,68145,16716,24600,64093.96
Residential,Non-Metro,55675,9154,27600,76864.52
Residential,Non-Metro,53388,12139,25200,70286.85
Residential,Non-Metro,57584,8756,20400,73572.32
Residential,Metro,56087,16915,25800,74611.23
Residential,Non-Metro,65165,15721,31200,100742.29
Residential,Non-Metro,61095,10746,10800,53472.6
Residential,Metro,55522,7562,30600,79954.36
Residential,Non-Metro,54823,12736,33600,78933.39
Residential,Non-Metro,62830,10149,38400,83153.13
Commercial,Non-Metro,54550,10547,11400,73581.57
Residential,Non-Metro,54662,14726,30600,70751.48
Residential,Non-Metro,49239,8955,16200,63459.16
Commercial,Non-Metro,53652,13532,35400,82182.86
Residential,Metro,50659,12537,16800,77372.88
Commercial,Metro,59169,10149,18000,95875.83
Residential,Non-Metro,56043,8756,28200,62426.39
Residential,Non-Metro,59528,6965,22800,65621.21
Residential,Non-Metro,54324,14726,10800,65404.57
Residential,Non-Metro,40574,13134,20400,62314.99
Residential,Non-Metro,60511,11144,12000,55486.61
Commercial,Non-Metro,61626,8358,28200,102099.91
Residential,Non-Metro,56704,14527,33600,77326.3
Commercial,Metro,55507,13532,29400,81770.13
Commercial,Non-Metro,63071,11940,11400,95369.35
Residential,Non-Metro,60356,10149,33000,77809.72
Residential,Metro,55650,14925,18000,62505.95
Commercial,Metro,55291,11144,22200,102592.89
Residential,Non-Metro,50234,8358,29400,75835.34
Commercial,Metro,57309,8756,10800,108840.13
Residential,Metro,49801,7960,35400,78467.44
Residential,Non-Metro,53160,9154,17400,62498.78
Residential,Metro,51698,13333,21600,82885.09
Residential,Metro,69671,7164,19800,67675.99
Residential,Metro,62309,12139,34800,87098.07
Commercial,Non-Metro,62634,11144,26400,99438.63
Residential,Metro,64138,6965,31800,72864.74
Residential,Metro,51339,14925,14400,72905.05
Residential,Non-Metro,56337,15522,17400,69201.42
Residential,Metro,47655,15920,24000,76955.42
Residential,Metro,63372,8557,30600,82767.25
Residential,Metro,63512,8557,38400,85418.25
Residential,Non-Metro,47893,10547,11400,66799.89
Residential,Non-Metro,63895,15920,21000,83672.86
Commercial,Metro,52623,9353,23400,80856.11
Residential,Metro,58616,7562,33600,70153.22
Residential,Metro,65363,15721,19800,73418.48
Commercial,Metro,53149,14129,25200,84130.43
Residential,Metro,56350,7363,36600,83817.75
Residential,Non-Metro,57901,16318,13800,70462.3
Residential,Metro,56632,9154,25800,85006.88
Residential,Metro,53453,7761,28800,73023.46
Residential,Metro,53821,12537,23400,74467.3
Residential,Non-Metro,45986,10945,24000,73401.83
Residential,Metro,54357,10746,10800,77579.31
Residential,Non-Metro,61409,15323,34800,78989.16
Residential,Non-Metro,66330,8756,29400,68736.41
Residential,Non-Metro,64649,9353,31800,79999.26
Residential,Non-Metro,52136,15323,28800,63749.73
Residential,Non-Metro,60103,14726,27000,74810.66
Residential,Non-Metro,62521,13930,35400,77733.27
Commercial,Non-Metro,49103,15920,31200,81128.88
Residential,Non-Metro,71328,12935,15600,77695.83
Residential,Metro,58953,9154,16200,64535
Residential,Non-Metro,59927,10149,28800,87640.58
Residential,Non-Metro,49840,7363,34200,69511.75
Residential,Metro,67431,9154,22200,66775.8
Residential,Non-Metro,45910,8756,34200,82368.08
Residential,Non-Metro,51683,10945,19200,62070.15
Residential,Metro,54298,8756,10800,69619.85
Commercial,Non-Metro,49209,11741,38400,78320.21
Commercial,Metro,62631,13532,25800,105727.87
Residential,Metro,55394,12139,29400,79057.81
Commercial,Non-Metro,57876,7761,24000,99227.71
Commercial,Metro,60476,16915,37200,113212.07
Residential,Non-Metro,53787,8358,24000,66886.63
Residential,Metro,59116,16119,18000,63752
Residential,Non-Metro,53671,12935,17400,68221.29
Residential,Metro,55289,14925,21600,60479.67
Residential,Non-Metro,52987,10348,24600,68586.4
Commercial,Non-Metro,71473,16716,26400,92655.28
Residential,Metro,45893,13930,27000,66715.6
Residential,Non-Metro,63091,13532,33000,77143.39
Commercial,Metro,56830,16716,36000,108471.68
Residential,Metro,64221,10945,33600,91904.17
Residential,Non-Metro,50761,12338,29400,72795.44
Residential,Non-Metro,44663,12139,12600,67584.07
Residential,Metro,47451,8756,11400,64086.37
Commercial,Metro,60917,13731,23400,101886.28
Residential,Metro,47576,13532,31800,66654.11
Residential,Non-Metro,40632,12139,19800,71017.54
Residential,Metro,53942,8756,31800,79333.46
Residential,Metro,50105,14726,25200,76594.04
Residential,Metro,63562,8159,24000,79720.02
Residential,Non-Metro,49275,7562,28200,84809.17
Commercial,Metro,52857,9751,16200,87581.33
Residential,Metro,52889,15920,12600,61991.12
Residential,Metro,63893,14527,28200,79299.74
Residential,Metro,58001,16318,12000,63021.18
Residential,Metro,48539,11741,14400,62387.28
Residential,Non-Metro,62261,7761,16200,59214.25
Residential,Non-Metro,66242,16119,15600,62441.32
Residential,Non-Metro,61262,16318,31800,91266.27
Commercial,Metro,61930,15124,24600,96932.92
Residential,Metro,58204,16318,33600,69392.13
Residential,Non-Metro,66907,12736,13800,70599.91
Residential,Non-Metro,60810,11343,12600,62927.79
Residential,Non-Metro,71549,9353,30000,83116.21
Residential,Metro,63687,12935,31800,79063.48
Residential,Non-Metro,55575,15124,20400,66913.22
Residential,Non-Metro,51340,10547,28200,62978.36
Residential,Non-Metro,55989,12139,19800,73230
Commercial,Non-Metro,61656,10149,30600,92299.77
Residential,Metro,53303,11343,29400,71335.91
Residential,Non-Metro,52308,9154,18600,75515.45
Residential,Non-Metro,50961,14726,21600,67015.8
Residential,Metro,64693,12736,10800,57202.89
Residential,Non-Metro,53444,9751,30000,73486.99
Residential,Non-Metro,50977,7761,25800,69543.95
Residential,Metro,64679,16716,12000,71605.72
Residential,Non-Metro,46192,8955,14400,61873.12
Residential,Metro,51157,14726,36000,86136.48
Residential,Non-Metro,50975,16716,29400,71254.94
Residential,Metro,44522,14925,36000,73051.32
Residential,Non-Metro,66466,16318,30600,67802.33
Residential,Non-Metro,57809,14527,34800,75308.28
Residential,Non-Metro,64865,7363,30600,68233.58
Residential,Metro,64419,10746,31800,76205.05
Residential,Metro,61665,16915,37200,77770.17
Residential,Metro,58401,9552,11400,65546.96
Residential,Non-Metro,56452,11542,30000,79834.42
Commercial,Non-Metro,59079,16517,18000,89784.95
Residential,Metro,57178,9751,24600,62471.09
Commercial,Non-Metro,43154,8159,17400,73960.7
Residential,Non-Metro,66113,15522,10800,62118.85
Residential,Non-Metro,61367,10547,24600,68783.96
Commercial,Metro,50269,11741,21000,74956.52
Residential,Metro,49579,13532,31800,75501.92
Residential,Non-Metro,59535,14726,14400,66900.02
Residential,Non-Metro,50357,8358,28800,67920.6
Residential,Non-Metro,59413,13134,35400,84043.43
Residential,Non-Metro,62127,12935,29400,68574.13
Commercial,Non-Metro,64762,12537,22200,89205.84
Residential,Metro,49361,16318,15600,77401.56
Commercial,Metro,61256,12935,13800,107835.84
Commercial,Metro,63258,11343,17400,110711.65
Residential,Metro,52271,15323,27000,76233.83
Commercial,Metro,59081,12338,16200,65293.58
Commercial,Metro,63947,9950,31800,104204.57
Residential,Non-Metro,47765,12736,18600,67385.21
Residential,Metro,56001,9154,30000,65581.33
Residential,Non-Metro,53097,14925,30000,59911.02
Residential,Metro,55213,10945,20400,82878.09
Residential,Metro,46248,7562,11400,57703.78
Residential,Non-Metro,64931,13930,28200,73093.09
Residential,Metro,52432,11343,16800,64475.07
Commercial,Non-Metro,46681,12736,22200,69477.9
Residential,Metro,53992,14328,12600,63291.77
Residential,Metro,61431,8955,38400,82384.89
Residential,Non-Metro,43343,15920,34800,70164.12
Residential,Metro,55168,16318,14400,78091.05
Residential,Metro,57128,15323,18600,79414.18
Residential,Non-Metro,49004,14527,23400,75738.92
Commercial,Non-Metro,55294,13532,28200,74594.62
Residential,Metro,60466,16716,18000,64052.01
Commercial,Metro,68023,10746,10800,92851.94
Residential,Non-Metro,56831,9353,13200,59150.62
Residential,Metro,60909,13333,13800,68466.49
Commercial,Metro,54744,12338,19800,85461.75
Residential,Metro,54660,8557,16200,75374.6
Residential,Non-Metro,55085,11741,27000,69720.35
Residential,Non-Metro,54021,11940,34200,74557.88
Residential,Metro,57988,13333,28200,80463.2
Residential,Non-Metro,53563,16318,25200,71950.15
Residential,Non-Metro,65041,6965,38400,79054.09
Residential,Non-Metro,49106,12736,22800,63268.59
Residential,Metro,60296,11144,36600,96256.6
Residential,Non-Metro,52516,10945,31800,68076.23
Residential,Non-Metro,62913,10945,26400,81307.63
Commercial,Non-Metro,56259,7363,11400,76235.42
Residential,Metro,58635,15124,24600,64401.61
Residential,Metro,58393,10746,30600,81726.8
Residential,Metro,56343,11542,24000,75930.73
Residential,Metro,69103,12139,27000,81819.78
Residential,Metro,56302,15522,21000,62792.65
Residential,Metro,58682,11144,31800,73479.74
Commercial,Metro,44755,15721,18000,73291.9
Residential,Metro,68087,9552,10800,66140.38
Residential,Metro,61111,13333,30600,71038.65
Commercial,Non-Metro,53210,7960,30000,92436.86
Residential,Non-Metro,56411,11144,18600,62441.06
Residential,Non-Metro,49618,15721,21000,73044.66
Residential,Metro,59442,14328,36000,74787.18
Residential,Metro,61362,10149,12600,62090.11
Residential,Metro,42655,13930,17400,71426.63
Residential,Non-Metro,51003,14726,37200,76961.06
Residential,Non-Metro,62984,7562,23400,72415.05
Residential,Metro,55600,11542,11400,73330.78
Residential,Non-Metro,52226,12139,13200,64833.39
Commercial,Metro,46979,13134,31800,75738.72
Residential,Non-Metro,59752,9154,23400,71427.16
Commercial,Metro,49839,16119,16200,78089.72
Residential,Metro,68797,15721,18000,71340.34
Residential,Non-Metro,50705,10348,18000,62955.46
Residential,Non-Metro,55987,9950,34800,69343.89
Commercial,Metro,51256,14925,19800,73503.98
Residential,Non-Metro,51639,13731,25200,60460.07
Residential,Non-Metro,59523,10945,38400,73467.46
Residential,Metro,46380,12338,12600,70752.08
Commercial,Non-Metro,71123,11343,10800,100497.31
Residential,Metro,48611,12139,13800,70232.9
Residential,Non-Metro,57328,12935,27000,60284.58
Residential,Non-Metro,63521,16318,24000,82780.39
Residential,Non-Metro,57604,16318,11400,65275.62
Residential,Metro,59305,15522,10800,74275.1
Residential,Metro,47312,14925,15000,71026.4
Residential,Non-Metro,54513,16318,27600,80991.21
Residential,Non-Metro,63523,8955,19800,58048.12
Residential,Metro,48852,15124,32400,68903.48
Residential,Metro,44096,11940,16800,79412.82
Residential,Metro,58892,15721,21600,65165.86
Residential,Non-Metro,54118,9950,12000,56178.11
Residential,Non-Metro,44960,8358,14400,61624.9
Residential,Metro,58422,10746,13800,75585.98
Commercial,Non-Metro,49329,9154,28200,85420.69
Commercial,Non-Metro,59455,8557,19800,112797.03
Residential,Metro,62637,12935,27000,69816.63
Residential,Metro,45637,7363,15600,70626.09
Residential,Non-Metro,59481,15323,10800,64189.89
Residential,Non-Metro,57100,10746,26400,65875.31
Residential,Metro,49702,16915,36000,76284.19
Residential,Non-Metro,54415,14925,38400,73791.08
Commercial,Metro,52110,13333,33600,98530.39
Commercial,Metro,49570,14328,21600,83977.24
Commercial,Metro,60301,13134,24600,100861.51
Residential,Metro,43612,9552,23400,71010.86
Residential,Metro,59933,15323,37800,80641.2
Residential,Non-Metro,53563,13731,21600,55882.26
Residential,Non-Metro,50705,14726,16800,55436.85
Residential,Metro,56493,14527,34800,74613.3
Residential,Metro,61040,10746,21600,78423.94
Residential,Metro,58049,10149,25200,65084.43
Residential,Metro,54506,12935,21600,68699.58
Residential,Non-Metro,55502,9353,33600,81558.03
Residential,Non-Metro,43496,11343,21000,59786.34
Residential,Non-Metro,55109,13532,35400,62624.16
Residential,Metro,52417,14527,12600,72336.45
Residential,Metro,48990,16517,35400,79310.37
Commercial,Non-Metro,62458,13134,13800,84342.95
Commercial,Non-Metro,50520,15920,34200,77117.5
Residential,Metro,59420,9154,31800,76789.76
Commercial,Non-Metro,62279,16716,36000,105013.72
Residential,Non-Metro,63285,12338,30600,86109.93
Residential,Metro,71756,13333,13800,72141.43
Residential,Non-Metro,44682,8756,16200,62625.75
Residential,Metro,57576,8557,33000,79029.75
Commercial,Non-Metro,58364,14726,22200,94112.48
Residential,Metro,58625,12537,36600,85704.69
Commercial,Non-Metro,60754,12935,27600,110450.43
Residential,Non-Metro,52462,11343,31800,74631.46
Commercial,Non-Metro,52402,12935,29400,74672.78
Residential,Non-Metro,53334,15323,12000,72656.08
Commercial,Non-Metro,62455,11940,28800,102188.48
Commercial,Metro,52388,7960,15000,81777.6
Residential,Non-Metro,52322,9751,15000,76563.41
Residential,Metro,52235,7164,34200,87812.2
Commercial,Non-Metro,75785,12537,22200,110338.25
Residential,Non-Metro,49974,15323,22800,60572.12
Residential,Non-Metro,56950,8756,33000,64365.88
Residential,Non-Metro,45321,12935,21600,64269.18
Residential,Metro,47794,9950,30600,70541.87
Residential,Metro,53920,11940,24000,73208.38
Residential,Metro,62728,14129,10800,65436.75
Residential,Metro,65633,11144,34200,73353.22
Residential,Metro,47254,16517,36600,83867.16
Residential,Non-Metro,44699,14925,15000,57799.66
Residential,Metro,59813,15721,30000,82305.51
Residential,Non-Metro,54051,7960,15600,65478.95
Residential,Metro,47027,14129,25200,74077.19
Residential,Metro,50329,12736,25800,70299.7
Residential,Metro,42581,12338,26400,75358.79
Residential,Non-Metro,55895,7960,13800,61970.76
Residential,Non-Metro,49123,10547,29400,93648.47
Residential,Metro,62570,12139,19800,76271.87
Residential,Metro,58546,11144,24600,79412.09
Residential,Non-Metro,56740,9751,22200,76894.94
Residential,Metro,54979,14328,13200,65489.23
Residential,Metro,47472,15323,13800,60817.97
Residential,Non-Metro,44468,16915,12600,69857.81
Commercial,Non-Metro,64930,13134,30600,114939.65
Residential,Metro,54374,9154,15000,70244.25
Commercial,Metro,56541,10945,19200,83707.39
Commercial,Metro,57679,13930,34200,87477.23
Residential,Non-Metro,54712,9751,21600,64010.16
Residential,Metro,63180,12537,13200,82469.16
Residential,Metro,60270,13731,34200,70126.63
Commercial,Non-Metro,47495,7562,38400,80020.81
Residential,Non-Metro,55139,8955,21600,72854.07
Residential,Metro,51735,12139,32400,66678.16
Commercial,Metro,61650,10149,28200,106083.08
Residential,Metro,58586,7761,37200,75871.39
Residential,Non-Metro,66002,16517,36600,74820.02
Commercial,Non-Metro,47266,12139,25800,84114.74
Residential,Metro,47405,10945,11400,68346.92
Residential,Non-Metro,64420,12935,10800,58213.89
Residential,Non-Metro,43863,14328,11400,61926.91
Residential,Metro,43788,16915,29400,67487.61
Commercial,Metro,63425,7562,36000,101535.38
Residential,Metro,54728,7363,15600,63450.6
Residential,Metro,57972,8159,29400,72940.89
Residential,Non-Metro,63978,9154,36000,82356.56
Residential,Non-Metro,57607,12935,15600,67500.35
Residential,Metro,60357,7164,16200,72642.89
Residential,Non-Metro,57009,10149,26400,70973.39
Residential,Metro,65649,8358,37800,84786.24
Commercial,Non-Metro,47419,9950,19200,77614.88
Residential,Metro,55922,15323,13200,71337.37
Commercial,Metro,61427,8159,10800,87870.75
Residential,Non-Metro,55640,8358,35400,70233.93
Residential,Non-Metro,55241,15721,26400,76125.83
Residential,Metro,48676,11542,19800,61726.27
Residential,Non-Metro,58164,10547,14400,64801.96
Commercial,Non-Metro,56740,15323,25800,78680.21
Commercial,Metro,45505,11343,27000,99918.3
Residential,Non-Metro,48360,8159,36600,74265.4
Residential,Non-Metro,55929,15920,21000,59047.34
Residential,Non-Metro,53493,10547,37200,80458.58
Residential,Non-Metro,61004,6965,37200,80531.42
Residential,Metro,56939,14925,22800,75515.74
Residential,Metro,57954,14129,20400,68438.25
Residential,Metro,49897,10149,25800,70647.33
Residential,Metro,58645,8159,30000,98335.39
Residential,Non-Metro,50229,8159,11400,67718.5
Residential,Non-Metro,45588,16119,34200,66422.09
Residential,Non-Metro,66693,15124,37200,66501.14
Residential,Metro,62665,7363,24600,78535.73
Residential,Metro,69083,16517,15600,76813.5
Residential,Non-Metro,54377,12338,23400,68986.8
Residential,Metro,55776,16318,27600,81036.78
Residential,Non-Metro,64803,8159,27000,77615.87
Residential,Metro,63553,8756,19200,74583.85
Residential,Non-Metro,50259,10149,35400,64959.88
Residential,Metro,54908,14527,26400,94707.74
Residential,Non-Metro,45698,15522,23400,67433
Residential,Metro,49782,10348,10800,68119.11
Residential,Metro,57965,10945,31800,63691.22
Residential,Metro,47177,16318,10800,59812.41
Residential,Non-Metro,72319,10149,30000,63538.43
Residential,Non-Metro,67969,7960,10800,77435.2
Residential,Metro,45487,7363,11400,68015.59
Residential,Metro,64010,9154,37200,78249.35
Residential,Non-Metro,59227,9353,33600,76488.51
Residential,Metro,56738,9751,25200,68689.9
Commercial,Metro,62898,11940,22200,112310.5
Residential,Metro,59175,16318,25200,71663.53
Commercial,Metro,57608,9751,15000,78713.91
Residential,Metro,42804,7363,34200,74893.91
Commercial,Metro,65482,7761,30600,106633.64
Residential,Non-Metro,57042,8358,18000,60644.12
Commercial,Metro,56350,14726,26400,104154.81
Commercial,Metro,50451,11144,20400,74128.76
Residential,Metro,62759,7363,18600,69951.41
Commercial,Metro,59683,16119,32400,97523.1
Residential,Metro,47381,9552,14400,73987.04
Commercial,Metro,63504,16716,25800,105528.87
Residential,Metro,57127,12139,28800,99276.61
Residential,Non-Metro,64290,13134,11400,60547.58
Residential,Non-Metro,54212,7562,17400,68571.4
Residential,Non-Metro,59576,12338,37800,69043.09
Residential,Metro,48175,9751,27600,77795.84
Residential,Metro,63797,7363,31200,86647.26
Residential,Metro,48682,16915,21000,63554.03
Commercial,Metro,46558,15920,30600,80430.97
Residential,Metro,48690,14328,26400,72842.01
Residential,Metro,54340,10547,12600,65228.8
Residential,Non-Metro,63711,14527,23400,65032.62
Residential,Non-Metro,49427,7960,30000,67402.38
Residential,Non-Metro,44122,16915,20400,69206.59
Residential,Non-Metro,45932,16716,13200,55399.38
Residential,Non-Metro,69670,12338,11400,64748.93
Residential,Metro,65207,12139,15600,67929.18
Commercial,Metro,45354,14328,17400,74793.11
Residential,Metro,67339,7363,28800,69262.14
Residential,Metro,54440,10547,15600,61913.04
Residential,Non-Metro,63423,10746,27000,70907.55
Residential,Non-Metro,55621,11343,21600,63331
Residential,Metro,46432,12139,32400,102860.45
Residential,Metro,49513,16716,20400,69525.33
Commercial,Metro,52918,12139,18600,82323.34
Residential,Non-Metro,51609,14328,16200,69498.18
Residential,Metro,58698,8358,12000,75139.44
Residential,Non-Metro,49215,6965,26400,66596.56
Residential,Metro,50665,8358,25800,66304.02
Residential,Non-Metro,49942,11343,27000,92925.38
Residential,Metro,59353,14925,20400,69939.63
Commercial,Non-Metro,42342,7363,14400,70469.63
Residential,Non-Metro,43714,15721,15600,59175.73
Residential,Non-Metro,55163,13333,22800,79945.54
Residential,Non-Metro,52938,10945,30000,76461.93
Residential,Metro,55938,12537,22800,74774.9
Commercial,Non-Metro,40365,10746,16200,68402.56
Residential,Non-Metro,51564,7363,23400,68158.59
Residential,Non-Metro,58789,14527,23400,78067.29
Residential,Non-Metro,58063,12537,37800,77986.3
Residential,Non-Metro,56799,11144,19800,62165.11
Residential,Non-Metro,53629,13532,21600,69648.9
